slno,feedback
1,"The room was immaculate and the view was breathtaking. However, the check-in process was disappointingly slow."
2,"Room service was prompt and the food quality exceeded our expectations. A truly delightful dining experience."
3,"While the central location was convenient, the street noise was audible even on a higher floor, slightly disturbing our sleep."
4,"The concierge team offered fantastic local recommendations. Their advice made our trip much more enjoyable."
5,"We found the gym facilities to be state-of-the-art and well-maintained. The pool area, conversely, felt crowded."
6,"Our primary issue was the unreliable Wi-Fi signal in the room. It was nearly impossible to hold a video call."
7,"Staff members were universally courteous and professional. Their warm hospitality was the highlight of our stay."
8,"The breakfast buffet offered a spectacular variety of options, catering to all dietary needs. Excellent quality overall."
9,"The mattress was uncomfortably firm, leading to a poor night's sleep. Housekeeping, however, was incredibly thorough."
10,"A mixed experience. The spa treatment was wonderfully relaxing, but the billing at checkout contained several errors."
11,"The decor felt quite dated and is in dire need of a modernization. The water pressure in the shower was excellent, though."
12,"For the price we paid, the overall value felt lacking. The amenities did not justify the high room rate."
13,"The efficiency of the valet service was impressive. We never had to wait long for our car."
14,"The blackout curtains were fantastic, ensuring a completely dark room for sleeping. The air conditioning unit was a bit noisy."
15,"We were disappointed by the limited vegetarian options in the main restaurant. The poolside bar had a better selection."
16,"The hotel's ambiance is very chic and modern. The live music in the lobby bar created a sophisticated atmosphere."
17,"Check-out was a breeze with the express service. We appreciated the efficiency after a long stay."
18,"The room's minibar was poorly stocked. On a positive note, the bed linens were of a very high, luxurious quality."
19,"The family-friendly pool was a huge hit with our children. The complimentary evening cookies were a lovely touch."
20,"Security seemed lax, which was a point of concern for us. The in-room safe was thankfully easy to operate."
21,"The business center was well-equipped for my work needs. Printing services were surprisingly affordable."
22,"Our room had a persistent musty odor that the staff was unable to resolve. The hotel gardens were beautifully kept."
23,"The welcome drink upon arrival was a refreshing and appreciated gesture. It set a positive tone for our visit."
24,"Soundproofing between rooms is poor. We could clearly hear conversations from the adjacent room."
25,"The hotel's commitment to sustainability was evident and commendable. We appreciated the eco-friendly toiletries."
26,"The elevators were frequently slow and overcrowded, especially during peak morning hours. A minor but constant frustration."
27,"The lighting in the bathroom was too dim for getting ready. The provided towels were plush and plentiful."
28,"Booking a spa appointment was difficult as they were consistently full. The staff did their best to find us a spot."
29,"The view from the rooftop bar is absolutely spectacular, justifying the premium drink prices. A must-visit."
30,"The television had a great selection of international channels. The remote control, however, was not very responsive."
31,"Housekeeping was inconsistent; our room was missed one day. The front desk was apologetic and offered a service credit."
32,"The proximity to the convention center was a major benefit for our trip. It made attending our event very easy."
33,"The coffee maker in the room was a low-quality model and leaked. The complimentary coffee itself was good."
34,"Staff at the Kids' Club were energetic and kept our children happily engaged. We felt very comfortable leaving them."
35,"The architectural design of the building is quite striking. Internal navigation and signage could be improved."
36,"The laundry service was prompt and our clothes were returned perfectly pressed. The cost was reasonable for the convenience."
37,"We encountered a billing discrepancy that took an unacceptably long time to resolve at the front desk."
38,"The quality of in-room dining was a pleasant surprise. The club sandwich was particularly delicious and well-made."
39,"The hotel felt understaffed, especially in the restaurant during breakfast. Service was slow and a bit chaotic."
40,"The pillow menu was an excellent feature, allowing us to choose one that suited our preferences perfectly."
41,"The hotel's mobile app was clunky and not very user-friendly. Making reservations through it was a hassle."
42,"The doormen were always cheerful and helpful, providing a great first and last impression of the hotel."
43,"There were not enough power outlets near the bed for charging devices. A common but annoying oversight in modern hotels."
44,"The themed dinner night was a fun concept, but the execution and food quality were mediocre at best."
45,"The pet-friendly amenities were fantastic. Our dog was treated like a VIP, which we greatly appreciated."
46,"The room felt smaller than advertised in the pictures online. It was clean and functional, just a bit cramped."
47,"The hotel's art collection is impressive, adding a touch of culture and elegance to the common areas."
48,"The turndown service was a delightful luxury that made us feel pampered each evening."
49,"The tennis courts were in excellent condition, and booking one was a simple process via the concierge."
50,"We enjoyed learning about the hotel's history through the display in the lobby. A unique and interesting feature."
51,"The temperature control in the room was very effective and maintained a comfortable climate throughout our stay."
52,"The hotel car service was pristine and professional, though significantly more expensive than local ride-sharing options."
53,"The complimentary shuttle to the local shopping district was a very convenient and well-used perk."
54,"The gift shop had a nice selection of local crafts, but the prices were inflated."
55,"The quietness of the room was remarkable. Despite being in a busy area, we heard no external noise."
56,"The process to connect to the hotel Wi-Fi required re-entering credentials multiple times a day, which was tedious."
57,"The ergonomic chair at the work desk was a thoughtful touch and very comfortable for long periods of work."
58,"We had an issue with our key card repeatedly deactivating. The front desk staff were patient in helping us each time."
59,"The freshness and quality of the seafood at the main restaurant were exceptional."
60,"The pool was closed for maintenance for one full day of our stay without prior notice, which was a major disappointment."
61,"The staff's ability to remember our names and preferences was truly impressive and showed a high level of training."
62,"The bathroom layout was awkward, with very little counter space for toiletries."
63,"The complimentary breakfast ended too early on weekends. Extending the hours would be a great improvement."
64,"The hotel's atmosphere felt very corporate and lacked warmth or character."
65,"The concierge managed to secure us a last-minute reservation at a very popular restaurant. Their connections are invaluable."
66,"Our 'ocean view' room had only a sliver of a view, partially obstructed by another building. A bit misleading."
67,"The hotel's policy on late check-out was very inflexible, even for loyalty program members."
68,"The quality of the cocktails at the lobby bar was top-notch, with skilled bartenders and premium ingredients."
69,"The jogging path around the hotel grounds was a great amenity for staying active."
70,"The room service menu has not changed in years. It could use an update with more contemporary dishes."
71,"The cleanliness of the elevators and common hallways was impeccable at all times."
72,"We experienced a power outage for about an hour during our stay. The staff handled it professionally with good communication."
73,"The hotel's floral arrangements were stunning and added a touch of natural beauty to the lobby."
74,"The on-site ATM was out of service for our entire stay, which was an inconvenience."
75,"The staff demonstrated excellent problem-solving skills when our initial room had a maintenance issue, moving us quickly."
76,"The value of the club lounge access was debatable. The evening offerings were sparse."
77,"The beds were so comfortable that we inquired about purchasing the same mattress for our home."
78,"The hotel is located in a rather sterile business district with few dining or entertainment options within walking distance."
79,"The speed and efficiency of the housekeeping team were amazing. Our room was serviced perfectly in no time at all."
80,"The hotel's app for keyless entry worked flawlessly and was very convenient."
81,"The restaurant service was painfully slow on a night it wasn't even busy. We waited 45 minutes for our main course."
82,"The heated outdoor pool was a fantastic feature, allowing us to swim comfortably even on a cool evening."
83,"The walls are paper-thin. We were woken up by our neighbors' television."
84,"The hotel's partnership with a local tour company offered great, well-organized excursions."
85,"Our room lacked a full-length mirror, which was an odd omission."
86,"The staff's proactive service was noteworthy; they often anticipated our needs before we even asked."
87,"The breakfast pastries were stale on two separate mornings. The fresh fruit selection, however, was excellent."
88,"Parking charges were exorbitant, a surprise addition to the final bill."
89,"The hotel's interior design is beautiful, creating many picture-perfect spots for photos."
90,"We had to call maintenance to fix a running toilet in our bathroom. They responded within 20 minutes."
91,"The hotel feels very safe and secure, with visible security personnel and well-lit corridors."
92,"The children's menu in the restaurant was unimaginative, offering only the usual fried options."
93,"The welcome amenity for our anniversary was a thoughtful and much-appreciated surprise."
94,"The water in the pool felt over-chlorinated and irritated our eyes."
95,"The front desk was understaffed, leading to a long queue at check-in. The single staff member was doing her best."
96,"The room was spacious, with a separate seating area that was perfect for relaxing."
97,"The hotel's own brand of toiletries was of surprisingly high quality, especially the conditioner."
98,"The evening social hour in the lobby was a nice way to unwind and meet other guests."
99,"We were disappointed that the rooftop bar was closed for a private event on the one night we wanted to go."
100,"The overall maintenance of the property is excellent. Everything feels clean, polished, and well-cared for."
101,"The bed was exceptionally comfortable, but the pillows were too flat for our liking."
102,"The room service arrived cold, nearly 30 minutes after the quoted time. A disappointing meal."
103,"The hotel's location is perfect for exploring the city on foot. Most major attractions are within walking distance."
104,"The gym was overcrowded in the mornings. It would be beneficial to expand the space or add more equipment."
105,"The staff's attention to detail is remarkable. They remembered our coffee order every morning."
106,"Check-in was chaotic. The front desk seemed disorganized despite having multiple staff members present."
107,"The breakfast buffet lacked fresh vegetable options. It was very carb and meat-heavy."
108,"The valet parking service, while expensive, was incredibly convenient and efficient."
109,"We loved the modern design of the room, especially the open-concept bathroom. Very stylish."
110,"The Wi-Fi was strong enough for streaming movies without any buffering. A huge plus for a relaxing evening in."
111,"Our 'city view' room overlooked an unsightly alleyway and dumpsters. The description was not accurate."
112,"The concierge was not very knowledgeable about public transportation routes, providing incorrect information."
113,"The quality of the food at the hotel's signature restaurant was outstanding, worth every penny."
114,"The air conditioning system was very loud, kicking on and off throughout the night and disturbing our sleep."
115,"Housekeeping staff were friendly and always greeted us in the hallways. They did a fantastic job."
116,"The pool area ran out of clean towels by midday. Service there seemed a bit overwhelmed."
117,"The hotel's mobile app made it easy to request extra pillows and towels directly from our phone."
118,"The soundproofing is excellent. We never heard any noise from neighboring rooms or the hallway."
119,"The business center computers were slow and outdated. I ended up just using my own laptop."
120,"The hotel's garden is a beautiful, tranquil oasis in the middle of the city. Perfect for a quiet morning coffee."
121,"We had an issue with the TV remote not working. Maintenance replaced the batteries promptly."
122,"The hotel feels a bit sterile and lacks a cozy atmosphere. It is very clean but has no character."
123,"The staff went out of their way to accommodate my dietary allergies, which I greatly appreciated."
124,"The elevators are surprisingly fast, so we never had to wait long, even from a high floor."
125,"The price of drinks at the lobby bar is excessive. We opted to have drinks elsewhere after the first night."
126,"The blackout curtains were highly effective. The room remained dark and conducive to sleep."
127,"The check-out process involved a long wait, and there was an error on our folio that needed correction."
128,"The selection of teas and coffees in the room was excellent and replenished daily."
129,"The hotel security team was visible and professional, which made us feel very secure during our stay."
130,"The on-site convenience store was poorly stocked and had very limited hours of operation."
131,"The firmness of the mattress was perfect for a good night's rest. We slept very well."
132,"The hotel's location is somewhat isolated, requiring a taxi for almost any errand or meal."
133,"The in-room dining menu offered a great variety of healthy options, not just typical comfort food."
134,"The staff at the front desk seemed indifferent and not particularly welcoming upon our arrival."
135,"The hotel's architecture is stunning, but the interior layout is confusing to navigate."
136,"The complimentary airport shuttle was a fantastic amenity that saved us time and money."
137,"Our room had a faint smell of smoke, despite being a non-smoking floor. The hotel was unable to move us."
138,"The turndown service with a small chocolate on the pillow was a lovely, classic touch."
139,"The kids' club activities were well-planned and our children were excited to go each day."
140,"The water pressure in the shower was disappointingly weak. It took forever to rinse out shampoo."
141,"The hotel's art and decor are very generic, resembling every other chain hotel."
142,"The staff's professionalism and willingness to help were consistent across all departments."
143,"The online check-in feature did not work, forcing us to wait in line anyway."
144,"The bed was so comfortable it was difficult to get up in the morning. High-quality linens too."
145,"The hotel restaurant is overrated and overpriced. Better food can be found just a block away."
146,"The spa facilities were clean and serene, but the massage itself was just average."
147,"The proximity to the main train station made our arrival and departure incredibly smooth."
148,"The room lacked sufficient storage space for luggage and clothing for a week-long stay."
149,"The evening happy hour at the bar offered great value with discounted drinks and complimentary appetizers."
150,"The pool was much smaller than it appeared in the promotional photos. It was always crowded."
151,"Every staff member we interacted with was genuinely friendly and seemed happy to be working there."
152,"The hotel is showing its age. The carpets are worn and the furniture has visible scuffs."
153,"The speed of the room service was impressive. Our late-night snack arrived in under 20 minutes."
154,"The view of the city skyline from our room was magnificent, especially at night."
155,"The hotel's Wi-Fi login process was cumbersome and required frequent re-authentication."
156,"The concierge provided a fantastic running map of the local area, which was very helpful."
157,"The breakfast selection was identical every single day. A little variety would be appreciated."
158,"The hotel is an excellent value for the money, considering its location and the quality of the rooms."
159,"The bathroom was sparkling clean, but the towels provided were thin and rough."
160,"The noise from the hotel bar's live music traveled up to our room on the third floor."
161,"The check-in staff were efficient and had us on our way to the room in minutes."
162,"The food from in-room dining was bland and lukewarm upon arrival. Not worth the price."
163,"The fitness center had a great range of free weights and machines, catering to a serious workout."
164,"The hotel's decor feels elegant and timeless. We loved the classic design aesthetic."
165,"The front desk was unhelpful when we asked for a late checkout, offering no flexibility."
166,"The hotel's signature scent in the lobby is lovely and creates a welcoming first impression."
167,"The room's air conditioning was quiet and effective, maintaining a constant comfortable temperature."
168,"We found a previous guest's item in our room, indicating housekeeping was not as thorough as it should be."
169,"The poolside service was attentive, with staff frequently checking if we needed drinks or food."
170,"The hotel's location in a quiet, residential neighborhood ensured a peaceful stay away from city noise."
171,"The billing was handled flawlessly at checkout. The folio was accurate and easy to understand."
172,"The minibar's automatic charging system is overly sensitive; we were charged for an item we only picked up to look at."
173,"The hotel provided excellent, high-quality baby gear, including a sturdy crib and high chair."
174,"The staff appeared stressed and overworked, which detracted from the guest experience."
175,"The conference facilities were outstanding, with great tech support and catering services."
176,"The pillows were lumpy and uncomfortable. We requested different ones, but they were not much better."
177,"The hotel's commitment to local sourcing in its restaurant is commendable and resulted in very fresh-tasting food."
178,"The layout of the room was spacious and well thought out, with a comfortable seating area."
179,"The hotel's on-site parking garage felt unsafe, with poor lighting and no visible security."
180,"The keyless entry app for the room door was convenient and worked every time without fail."
181,"The restaurant hostess was dismissive and rude. It was a very poor start to our dinner."
182,"The heated bathroom floors were an unexpected and wonderful luxury, especially on a cold morning."
183,"The sound of the elevator mechanism was audible from our room, which was located nearby."
184,"The hotel's tour desk was very helpful in arranging a day trip for us at a reasonable price."
185,"The room's work desk was too small and lacked easily accessible power outlets."
186,"The proactive communication from the hotel before our stay, confirming details, was very professional."
187,"The coffee at the breakfast buffet was consistently weak and lukewarm. The espresso machine was a good alternative."
188,"The hotel's pet relief area was clean and conveniently located."
189,"The interior design of the hotel is bold and vibrant. It has a very energetic and youthful feel."
190,"Maintenance took over an hour to respond to our call about a broken shower head."
191,"The security guard at the entrance was always welcoming and made us feel secure."
192,"The options on the children's room service menu were surprisingly healthy and varied."
193,"We were touched by the small cake and card left in our room for my birthday. A very kind gesture."
194,"The water temperature in the swimming pool was too cold to be enjoyable for more than a few minutes."
195,"The check-in process was impersonal and felt very transactional, lacking any warmth."
196,"The room was incredibly spacious, feeling more like a junior suite than a standard room."
197,"The complimentary slippers and robe were of high quality and very comfortable."
198,"The hotel's social media presence is very engaging and provided useful tips for our stay."
199,"The rooftop bar was closed for a private function both nights of our weekend stay, a major letdown."
200,"The property is immaculately clean. Credit to the housekeeping and maintenance teams for their hard work."
201,"The bed was comfortable, but the linens had a faint chemical smell, likely from the detergent used."
202,"Room service was not only fast but the presentation of the food was also beautiful, like a fine dining restaurant."
203,"The hotel's location is its best asset, putting the entire city within easy reach. We saved a lot on transportation."
204,"The gym's air conditioning was not working properly, making for an uncomfortably warm workout."
205,"The staff remembered us from a previous visit a year ago, which was an incredible and welcoming touch."
206,"The check-in process was marred by the staff's inability to find our reservation for several minutes."
207,"The breakfast buffet was a highlight, with a chef making fresh omelets and pancakes to order."
208,"The valet service damaged our car, leaving a small scratch on the bumper. They were very difficult about it."
209,"The design of the hotel is very minimalist and calming. It felt like a peaceful retreat from the busy city."
210,"The Wi-Fi was strong throughout the entire hotel property, not just in the room. This was very convenient."
211,"Our room directly overlooked a noisy construction site that started work early in the morning."
212,"The concierge's recommendation for a local tailor was excellent. I was very pleased with the service."
213,"The food quality at the pool bar was surprisingly poor and overpriced for what was offered."
214,"The air conditioning unit in our room made a rattling noise all night. We had to turn it off to sleep."
215,"Housekeeping was respectful of our 'do not disturb' sign and always serviced the room promptly when we removed it."
216,"The pool was beautiful but the water was frigid, even on a hot day. It needs to be heated."
217,"The hotel's app is fantastic. We used it for everything from room service to spa bookings without any issues."
218,"The soundproofing is top-notch. I'm a light sleeper and I wasn't disturbed by any external noise."
219,"The business center's printer was out of order, which was an inconvenience for printing my boarding pass."
220,"The hotel's landscaping is gorgeous. We enjoyed walking through the gardens in the evening."
221,"We had a leaky faucet in the bathroom that dripped constantly. Maintenance was unable to fix it during our stay."
222,"The hotel's atmosphere feels exclusive and luxurious without being pretentious. A difficult balance to strike."
223,"The staff were incredibly accommodating of our request for a fragrance-free room due to allergies."
224,"The elevators are programmed efficiently. The wait time was always minimal, even during busy periods."
225,"The price for a bottle of water from the minibar is outrageous. It feels like price gouging."
226,"The blackout curtains were truly effective, making it easy to sleep in late after a long flight."
227,"The check-out process was complicated by an attempt to charge us for minibar items we hadn't consumed."
228,"The in-room Nespresso machine was a wonderful amenity that we used every morning."
229,"The security staff were not just present but also actively engaged and friendly, which was reassuring."
230,"The hotel gift shop sells practical items like chargers and adapters, which was a lifesaver when I forgot mine."
231,"The mattress sagged in the middle, suggesting it is old and in need of replacement."
232,"The hotel is located in a vibrant neighborhood with countless excellent restaurants and shops just steps away."
233,"The in-room dining menu was creative and featured several locally inspired dishes. We enjoyed trying them."
234,"The front desk staff seemed disengaged and were more focused on their computer screens than the guests."
235,"The architecture is a bit dated, but the hotel is maintained in pristine condition."
236,"The complimentary shuttle service runs on a very convenient and frequent schedule. We used it daily."
237,"Our non-smoking room had clearly been smoked in recently. The lingering smell was very unpleasant."
238,"The evening turndown service felt like a real luxury and was performed unobtrusively each evening."
239,"The kids' club staff were not just babysitters; they led educational and fun activities."
240,"The water pressure was a trickle. It was almost impossible to take a satisfying shower."
241,"The hotel's art collection felt like a curated museum experience. We spent time just admiring the pieces."
242,"The service from the staff was technically correct but lacked any warmth or genuine hospitality."
243,"The mobile check-in promised a ready key, but we still had to wait in a long line to get it."
244,"The bed and pillows were so heavenly that we had the best sleep we've had in months."
245,"The hotel restaurant's ambiance was lovely, but the food was uninspired and lacked flavor."
246,"The spa was a true sanctuary of calm. The relaxation room alone was worth the visit."
247,"The hotel's direct connection to the subway station was incredibly convenient for getting around the city."
248,"The room's closet space was inadequate for two people on a five-day trip. We lived out of our suitcases."
249,"The happy hour specials were a great deal, but the bar area became very crowded and loud."
250,"The swimming pool is shaded by another building for most of the afternoon, which was disappointing."
251,"The genuine kindness shown by every staff member made our stay truly special and memorable."
252,"The hotel has a tired, worn-out feel. It's clean, but everything seems a bit faded and old."
253,"The speed and quality of the room service were consistently excellent, no matter the time of day."
254,"The panoramic view from our corner suite was the undisputed highlight of our stay. Simply stunning."
255,"The Wi-Fi was so slow it was unusable for anything beyond checking emails. We had to tether from our phones."
256,"The concierge's directions were confusing, and we ended up getting lost on our way to a recommended spot."
257,"The breakfast options were limited and never changed during our 4-night stay. It became very repetitive."
258,"Considering the high price point, the experience felt average. It did not deliver on the promise of luxury."
259,"The bathroom was clean but very small, with a cramped shower stall."
260,"The noise from slamming doors in the hallway was a constant issue, especially late at night."
261,"The check-in was smooth, and the receptionist provided a wealth of helpful information about the hotel."
262,"The in-room dining food arrived overcooked and dry. We were very disappointed with the quality."
263,"The fitness center was surprisingly spacious and had a wide variety of modern equipment."
264,"The hotel's classic decor has been beautifully preserved, giving it a unique historical charm."
265,"The front desk was rigid about the check-in time, making us wait in the lobby for an hour even though rooms were likely ready."
266,"The lobby's signature fragrance was overpowering and gave me a headache."
267,"The room's climate control was excellent, allowing us to set a precise and comfortable temperature."
268,"We found a dirty sock from a previous guest in the corner of the room. A major housekeeping failure."
269,"The service at the pool bar was slow and inattentive. We had to flag down a server to place an order."
270,"The hotel's location is a bit out of the way, but the peaceful surroundings were a welcome trade-off."
271,"Checkout was quick and efficient, with an accurate bill emailed to me instantly."
272,"The minibar sensors are a nightmare. We were charged for several items we merely moved to make space."
273,"The hotel provided a high-quality, safe, and clean crib for our infant, which we greatly appreciated."
274,"The staff seemed constantly rushed and unable to provide personalized service."
275,"The meeting rooms were well-appointed, and the provided catering for our event was delicious."
276,"The pillows were incredibly thick and firm, like sleeping on a rock. We both woke up with sore necks."
277,"We were impressed by the restaurant's focus on farm-to-table ingredients. The freshness was evident in every dish."
278,"The room's layout was impractical, with the only power outlets located far from the bed."
279,"The on-site parking garage was well-lit and felt very secure."
280,"The mobile key feature in the hotel app failed to work half the time, forcing us to get physical keys."
281,"The hostess at the breakfast buffet was rude and unaccommodating when we asked for a different table."
282,"The heated towel rack in the bathroom was a touch of luxury that we absolutely loved."
283,"Our room was right next to the ice machine, and we heard it being used at all hours of the night."
284,"The hotel's partnership with a local bike rental company was a great, affordable way to see the city."
285,"The work desk in the room was tiny and uncomfortable for getting any real work done."
286,"The pre-arrival email from the concierge asking about any special requests was a nice, proactive touch."
287,"The orange juice at the breakfast buffet was clearly from a concentrate and tasted artificial."
288,"The designated pet walking area was small and not well-maintained."
289,"The hotel's decor is eclectic and fun, with interesting art and furniture in the common areas."
290,"Our request for extra towels took two phone calls and over an hour to be fulfilled."
291,"The security presence was comforting without being intrusive. They were a professional team."
292,"The children's menu was thoughtful, offering smaller portions of the adult menu items, not just fried food."
293,"The hotel acknowledged our anniversary with a complimentary bottle of sparkling wine, which was a lovely surprise."
294,"The swimming pool was cloudy, and the water didn't seem very clean."
295,"The check-in felt very robotic and scripted, with no genuine interaction from the staff."
296,"The suite was exceptionally large, with a separate living room that provided plenty of space to spread out."
297,"The provided bathrobes were wonderfully plush and felt luxurious."
298,"The hotel's blog had some great articles that helped us discover hidden gems in the city."
299,"We were very disappointed to find the main restaurant closed for renovations during our stay, which wasn't mentioned online."
300,"The entire property, from the lobby to the room, was maintained to an exemplary standard of cleanliness."
301,"The bed was a dream, but the thin walls meant we were woken by our neighbor's alarm clock."
302,"Room service was not just a meal; it was an experience. The trolley was set up like a private dining table."
303,"The convenience of the hotel's location cannot be overstated. It made our short city break extremely efficient."
304,"The gym lacked basic amenities like disinfectant wipes for the machines and a water cooler."
305,"The personal welcome note from the hotel manager in our room was a very classy and appreciated gesture."
306,"The check-in process was a disaster. Our room wasn't ready until two hours after the guaranteed time."
307,"The breakfast buffet's fresh fruit display was extensive and delicious. A healthy and refreshing start to the day."
308,"The valet service lost our car keys for 20 minutes, causing a stressful delay."
309,"The hotel's aesthetic is sleek and sophisticated, perfect for a business trip or a stylish getaway."
310,"The Wi-Fi performed flawlessly, supporting multiple devices for both work and entertainment without a hitch."
311,"Our room offered a stunning view of the park, which was especially beautiful in the morning."
312,"The concierge gave us a map with hand-drawn notes for a walking tour, which was incredibly thoughtful and helpful."
313,"The food at the hotel cafe was mediocre and overpriced. A classic case of a captive audience."
314,"The air conditioning was either off or arctic blast. There was no comfortable middle ground."
315,"Housekeeping did an impeccable job. Our room was a sanctuary of cleanliness to return to each day."
316,"The main pool was being serviced, but the hotel offered access to an equally nice pool at a sister property nearby."
317,"The hotel app's chat feature provided instant answers to our questions. Very impressive technology."
318,"The room was incredibly quiet. We felt like we were the only guests on the floor."
319,"The business center charged an exorbitant fee for printing a single page. It felt like extortion."
320,"The hotel's rose garden was a hidden gem. The fragrance was amazing."
321,"The shower had a drainage problem, leaving a pool of water at our feet. Maintenance fixed it on the second day."
322,"The hotel exudes an air of calm and tranquility, a sharp contrast to the bustling city outside."
323,"The staff took note of my gluten allergy and ensured there were safe and delicious options for me at every meal."
324,"The elevator system is 'smart', grouping passengers for the same floors. It was remarkably efficient."
325,"A charge for a local phone call on the final bill felt petty and outdated in the age of mobile phones."
326,"The curtains did an excellent job of blocking out the morning light, allowing for a restful sleep."
327,"Checkout was confusing. The staff member couldn't clearly explain the taxes and fees on the bill."
328,"The high-quality coffee and tea selection in the room was a small detail that made a big difference."
329,"The security team's discreet but constant presence was very reassuring, especially when returning late at night."
330,"The on-site shop was more of a high-end boutique than a convenience store, lacking basic necessities."
331,"The mattress was clearly old and offered no support. We both woke up with backaches."
332,"The hotel's location is a foodie's paradise, with dozens of incredible restaurants within a few blocks."
333,"The in-room dining menu was surprisingly affordable and the quality was excellent for the price."
334,"The front desk staff were cold and aloof, making us feel like an inconvenience."
335,"The historic building has been beautifully restored, blending old-world charm with modern amenities."
336,"The shuttle bus driver was particularly friendly and offered great tips on navigating the area."
337,"Our room had a distinct and unpleasant chemical cleaning smell that lingered for the entire stay."
338,"The turndown service was inconsistent; we received it on some nights but not others."
339,"The kids' club was a safe and stimulating environment. Our kids begged to go back."
340,"The water pressure in the shower was fantastic. It was powerful and refreshing."
341,"The hotel's art seemed randomly chosen and didn't contribute to a cohesive design aesthetic."
342,"The service was efficient but lacked a personal touch. It felt like interacting with robots."
343,"The promise of mobile check-in was a gimmick. We had to complete the entire process again at the desk."
344,"The bed was a perfect 10/10 for comfort. It was like sleeping on a cloud."
345,"The restaurant has a beautiful setting, but the food is bland and unmemorable."
346,"The spa's hydrotherapy circuit was incredibly relaxing and a great prelude to our treatments."
347,"Being right next to the central transport hub made the hotel an unbeatable base for exploring the region."
348,"The lack of drawers in the room was frustrating. We had to live out of our suitcases for four days."
349,"The happy hour was so popular it was impossible to get a seat or a server's attention."
350,"The swimming pool is located in a courtyard with no direct sunlight, making it feel a bit gloomy."
351,"The staff's genuine warmth and care transformed our stay from good to exceptional."
352,"The hotel feels neglected. Stains on the carpet and scuffed walls were common."
353,"Room service delivery was incredibly fast, and the food always arrived hot."
354,"The floor-to-ceiling windows in our room provided an unforgettable panoramic city view."
355,"The Wi-Fi was spotty and unreliable, constantly dropping the connection on my laptop."
356,"The concierge confidently gave us incorrect opening hours for a museum, causing a wasted trip."
357,"Breakfast was the same every day. After a week, we were tired of the limited selection."
358,"This hotel is a poor value. The high price does not align with the quality of the facilities or service."
359,"The bathroom was functional but tiny. Two people could not comfortably be in there at the same time."
360,"We could hear every footstep from the room above us, which made it hard to relax."
361,"The check-in receptionist was delightful, offering us a complimentary room upgrade for our anniversary."
362,"The club sandwich from room service was soggy and tasteless. A real disappointment."
363,"The gym was one of the best I've seen in a hotel, with Pelotons and a great selection of weights."
364,"The hotel's traditional decor gave it a stuffy and old-fashioned atmosphere."
365,"The front desk refused to grant a late checkout, even for one hour, citing policy without any flexibility."
366,"The subtle, pleasant scent used in the common areas was very relaxing and created a spa-like feel."
367,"The room's thermostat was precise and silent, which is a rare and appreciated feature."
368,"Housekeeping left a cleaning rag behind in our bathroom. A small but unsettling oversight."
369,"Poolside drink service was nonexistent. We had to go to the bar ourselves every time."
370,"The hotel is situated in a bland business park, completely devoid of character or nearby amenities."
371,"The checkout was seamless. The bill was pushed under our door, and we just had to drop off the keys."
372,"The minibar charges are predatory. $10 for a small bag of nuts is absurd."
373,"The hotel's family package, which included tickets to a local attraction, was a great value."
374,"The staff seemed unhappy and morale appeared to be low, which was reflected in their service."
375,"The AV equipment in the meeting room was state-of-the-art and the on-site tech support was excellent."
376,"The pillows provided were all the same type - extremely soft with no support."
377,"The restaurant's menu highlighted local farms and producers, which was a great touch."
378,"The room's design prioritized form over function, with stylish but uncomfortable furniture."
379,"The hotel's parking garage was clean, well-lit, and easy to navigate."
380,"Using the phone as a room key was a novelty that worked surprisingly well."
381,"The restaurant manager was condescending when we provided feedback about our meal."
382,"The rain shower head in the bathroom was a fantastic and luxurious feature."
383,"Our room's proximity to the service elevator meant we heard rattling carts all morning."
384,"The hotel offered complimentary bicycles, which were a fun way to explore the nearby parks."
385,"The room lacked a proper workspace, forcing me to work on the bed."
386,"The staff's follow-up after we checked out to ensure we had a good stay was a nice touch."
387,"The breakfast coffee was terrible. Thankfully, there was a great independent coffee shop next door."
388,"The designated pet area was just a small patch of gravel. Not very pleasant for the pets or owners."
389,"The hotel's quirky and artistic decor made it a fun and interesting place to stay."
390,"We had to call the front desk three times to get the extra blanket we requested."
391,"The security team was a visible and reassuring presence, especially at the main entrance."
392,"The children's menu had some creative and healthy options, which was a pleasant surprise."
393,"The hotel did nothing to acknowledge our special occasion, despite it being noted in the reservation."
394,"The pool was a perfect, refreshing temperature, and the surrounding deck was kept very clean."
395,"The check-in process felt rushed, and the staff member didn't explain any of the hotel's amenities."
396,"The suite was enormous, but the furniture felt sparse, leaving the space feeling empty and cold."
397,"The slippers provided were flimsy and fell apart after one use."
398,"The hotel's Instagram page gave us great ideas for photo spots around the property."
399,"Finding the hotel's main restaurant closed for a private buyout was an unwelcome surprise and inconvenience."
400,"The level of cleanliness throughout the hotel was consistently high. A very well-managed property."
401,"The bed was heavenly, but the constant hum from the minibar was annoying."
402,"Room service was exceptional. The food was delicious, arrived hot, and the server was very professional."
403,"The hotel's location is its strongest feature; it's perfect for tourists who want to be in the heart of the action."
404,"The gym was too small for a hotel of this size and was always packed."
405,"The staff's personalized service made us feel like valued guests, not just another reservation."
406,"Check-in was a mess. They couldn't find our booking and it took 30 minutes to sort out."
407,"The breakfast buffet had a fantastic waffle station with all the toppings. It was a daily treat."
408,"The valet service was careless, leaving our car's driver seat and mirrors in completely different positions."
409,"The hotel's interior is very modern and photogenic, with a sleek, minimalist vibe."
410,"The Wi-Fi connection was robust and fast. I was able to stream 4K content without any issues."
411,"Our room overlooked the hotel's noisy air conditioning units. Not the 'garden view' we paid for."
412,"The concierge was a true local expert, providing insider tips that made our trip unforgettable."
413,"The food at the lobby cafe was stale and seemed like it had been sitting out all day."
414,"The room's air conditioner was faulty, blowing warm air no matter the setting. Maintenance couldn't fix it."
415,"Housekeeping was incredibly discreet and efficient. We barely saw them, but the room was always perfect."
416,"The pool area is beautiful, but it's completely shaded by noon, making sunbathing impossible."
417,"The hotel's mobile app is poorly designed and frequently crashes. It's more frustrating than helpful."
418,"The sound insulation between rooms is phenomenal. Complete peace and quiet."
419,"The business center is just two old computers in a closet. It's not a serious workspace."
420,"The hotel's courtyard garden was a peaceful escape from the city's hustle and bustle."
421,"Our sink wouldn't drain properly. Despite reporting it, the issue was never resolved during our three-day stay."
422,"The hotel has a very relaxing, spa-like atmosphere throughout the public areas."
423,"The staff were amazing at handling my child's severe nut allergy, inspiring complete confidence."
424,"The 'smart' elevator system often sent us on a scenic tour of other floors before reaching our own."
425,"Being charged for a 'resort fee' that covers amenities we didn't use felt like a hidden tax."
426,"The curtains, when closed, created a perfect pitch-black environment ideal for sleeping."
427,"Checkout was a nightmare of long lines and frazzled staff. A very poor final impression."
428,"The in-room coffee machine was a high-end model that brewed an excellent cup."
429,"The security staff were always polite and professional, greeting guests as they entered and exited."
430,"The hotel's gift shop was surprisingly well-curated with unique local items, not just typical souvenirs."
431,"The mattress was lumpy and provided very uneven support. It's clearly past its replacement date."
432,"The hotel is situated in a fantastic area for walking, with parks, cafes, and boutiques all around."
433,"The in-room dining options were limited and very expensive for the portion sizes."
434,"The front desk team was consistently cheerful and eager to help with any request."
435,"The historic facade of the hotel is beautiful, but the interior feels worn and tired."
436,"The shuttle driver was a great source of local knowledge and very entertaining."
437,"Our room had a strange, damp smell, and we noticed some mildew in the bathroom shower."
438,"Turndown service was performed at a different time each night, which was a bit unpredictable."
439,"The kids' club was so good that our children were disappointed when it was time to leave."
440,"The shower had excellent water pressure and plenty of hot water."
441,"The hotel's modern art was a bit too abstract and cold for our taste."
442,"The service felt very impersonal. Staff were following a script rather than engaging with guests."
443,"Mobile check-in was a waste of time, as it didn't speed up the process at all."
444,"The bed was the highlight of the room - incredibly plush and comfortable."
445,"The restaurant's menu sounded better than it tasted. The execution was lacking."
446,"The spa's sauna and steam room were clean and well-maintained, providing a great way to relax."
447,"The hotel's location above a major transit station is noisy but unbeatable for convenience."
448,"The room's wardrobe was barely large enough for one person's clothes, let alone two."
449,"The bar's happy hour was very popular, creating a lively and energetic atmosphere in the lobby."
450,"The swimming pool was smaller than expected and felt more like a large bathtub."
451,"The staff's genuine smiles and positive attitudes were infectious and made for a pleasant stay."
452,"The hotel is in desperate need of a renovation. Everything looks shabby."
453,"Room service was consistently fast, professional, and the food was always of high quality."
454,"The corner suite's wrap-around balcony offered breathtaking 270-degree views of the city."
455,"The Wi-Fi was so weak in our room that we had to sit in the hallway to get a signal."
456,"The concierge booked us on a terrible city tour. It felt like they'd never experienced it themselves."
457,"The breakfast buffet was adequate but uninspired. The same lukewarm scrambled eggs every morning."
458,"This hotel represents poor value. It's a three-star experience at a five-star price."
459,"The bathroom was clean, but the shower curtain was moldy at the bottom."
460,"Noise from the hallway was a significant problem. We could hear every conversation and passing cart."
461,"Check-in was a pleasure. The staff member was warm, welcoming, and efficient."
462,"My room service burger was cold and the fries were limp. A complete waste of money."
463,"The fitness center is open 24/7, which was perfect for my early morning workout schedule."
464,"The hotel's opulent, old-world decor made us feel like we were staying in a palace."
465,"The front desk was completely unwilling to accommodate a simple request for a different pillow type."
466,"The hotel's bespoke scent was lovely, but I wish they sold it in the gift shop."
467,"The room's climate controls were intuitive and worked perfectly."
468,"Housekeeping missed cleaning our room one day, and their apology felt insincere."
469,"The poolside staff were proactive in offering cold towels and water, which was a great touch on a hot day."
470,"The hotel's location is boring, with nothing of interest in the immediate vicinity."
471,"Checkout was incredibly fast and easy, with the option to simply leave the keys in the room."
472,"The minibar prices are beyond ridiculous. They create a negative feeling of being ripped off."
473,"The family room setup with bunk beds was perfect for our children."
474,"The staff seemed disengaged and unhappy. It was rare to see anyone smile."
475,"The conference room was modern, comfortable, and had all the necessary tech for a successful meeting."
476,"The pillows were so overstuffed they were unusable. We ended up sleeping without them."
477,"The restaurant's commitment to seasonal ingredients was reflected in a vibrant and delicious menu."
478,"The room design was awkward, with the TV placed at a strange angle to the bed."
479,"The self-parking option in the hotel garage was convenient and reasonably priced."
480,"The hotel's app, which controlled the room's lights and thermostat, was a cool and functional gimmick."
481,"The restaurant hostess seated us at a poor table right by the kitchen door, despite the restaurant being half-empty."
482,"The bathroom's magnifying mirror with a built-in light was a very useful and appreciated feature."
483,"Our room was located directly opposite the housekeeping supply closet, so it was very noisy in the mornings."
484,"The hotel's bike share program was a fantastic and healthy way to explore the local area."
485,"The 'workstation' was just a tiny shelf. It was impossible to use a laptop and a mouse comfortably."
486,"The staff's attitude was exemplary. They consistently went above and beyond to ensure our comfort."
487,"The coffee at breakfast was thin and flavorless. A real letdown for coffee lovers."
488,"The pet-friendly floor had a lingering smell of wet dog, even in our room."
489,"The hotel's unique, artistic decor made it stand out from the typical chain hotels."
490,"Our request for a hypoallergenic pillow took three phone calls and was delivered late at night."
491,"The security team was a professional and reassuring presence throughout the property."
492,"The children's menu lacked any healthy options. It was all deep-fried."
493,"The hotel provided a complimentary dessert in the restaurant for our anniversary, which was a kind gesture."
494,"The pool was advertised as heated, but it was ice cold and unusable."
495,"The check-in was perfunctory. The staff member barely made eye contact."
496,"The suite was large but felt empty due to the minimal and uninspired furnishings."
497,"The bathrobes provided were thin and scratchy, not at all luxurious."
498,"The hotel's city guide on their website was very helpful for planning our activities."
499,"We were greatly inconvenienced by the main restaurant being closed for a private event with no advance warning."
500,"The overall cleanliness of the hotel is its greatest strength. Every corner was spotless."